Workbook
Name NativeTimeline_OrderDate: #N/A
Name Slicer_category: #N/A
Name Slicer_region: #N/A
Name Slicer_warehouse: #N/A

Sheet Customers
A1: CustomerID | B1: CustomerName | C1: Region
A2: CUST-000001 | B2: Customer 1 | C2: Eldoret | F2: Row Labels
A3: CUST-000002 | B3: Customer 2 | C3: Nairobi | F3: Eldoret
A4: CUST-000003 | B4: Customer 3 | C4: Eldoret | F4: Kisumu
A5: CUST-000004 | B5: Customer 4 | C5: Eldoret | F5: Mombasa
A6: CUST-000005 | B6: Customer 5 | C6: Eldoret | F6: Nairobi
A7: CUST-000006 | B7: Customer 6 | C7: Kisumu | F7: Nakuru
A8: CUST-000007 | B8: Customer 7 | C8: Nakuru | F8: Grand Total
A9: CUST-000008 | B9: Customer 8 | C9: Mombasa
A10: CUST-000009 | B10: Customer 9 | C10: Kisumu
A11: CUST-000010 | B11: Customer 10 | C11: Eldoret
A12: CUST-000011 | B12: Customer 11 | C12: Nairobi
A13: CUST-000012 | B13: Customer 12 | C13: Eldoret
A14: CUST-000013 | B14: Customer 13 | C14: Nakuru
A15: CUST-000014 | B15: Customer 14 | C15: Eldoret
A16: CUST-000015 | B16: Customer 15 | C16: Nairobi
A17: CUST-000016 | B17: Customer 16 | C17: Nakuru
A18: CUST-000017 | B18: Customer 17 | C18: Eldoret
A19: CUST-000018 | B19: Customer 18 | C19: Nakuru
A20: CUST-000019 | B20: Customer 19 | C20: Mombasa
... A81: CUST-000080 | B81: Customer 80 | C81: Eldoret

Sheet Products
A1: ProductID | B1: ProductName | C1: Category | D1: CostPrice | E1: StandardUnitPrice
A2: PRD-000001 | B2: Product 1 | C2: Snacks | D2: 218.54 | E2: 334.94
A3: PRD-000002 | B3: Product 2 | C3: Household | D3: 477.82 | E3: 747.13
A4: PRD-000003 | B4: Product 3 | C4: Frozen | D4: 379.4 | E4: 516.48
A5: PRD-000004 | B5: Product 4 | C5: Household | D5: 319.4 | E5: 411.55
A6: PRD-000005 | B6: Product 5 | C6: Frozen | D6: 120.21 | E6: 159.85
A7: PRD-000006 | B7: Product 6 | C7: Household | D7: 120.2 | E7: 168.22
A8: PRD-000007 | B8: Product 7 | C8: Produce | D8: 76.14 | E8: 116.97
A9: PRD-000008 | B9: Product 8 | C9: Snacks | D9: 439.78 | E9: 682.21
A10: PRD-000009 | B10: Product 9 | C10: Beverages | D10: 320.5 | E10: 401.4
A11: PRD-000010 | B11: Product 10 | C11: Frozen | D11: 368.63 | E11: 526.68
A12: PRD-000011 | B12: Product 11 | C12: Frozen | D12: 59.26 | E12: 82.73
A13: PRD-000012 | B13: Product 12 | C13: Beverages | D13: 486.46 | E13: 645.89
... A121: PRD-000120 | B121: Product 120 | C121: Frozen | D121: 292.7 | E121: 384.02

Sheet Warehouses
A1: WarehouseID | B1: Location
A2: WH-NRB-001 | B2: Nairobi
A3: WH-MSA-002 | B3: Mombasa
A4: WH-KSM-003 | B4: Kisumu
A5: WH-NKR-004 | B5: Nakuru

Sheet Orders
A1: OrderID | B1: CustomerID | C1: WarehouseID | D1: OrderDate | E1: Column1
A2: ORD-000001 | B2: CUST-000075 | C2: WH-NRB-001 | D2: 45292 | E2: =COUNTA(Table4[OrderID]) -> 1500
A3: ORD-000002 | B3: CUST-000029 | C3: WH-MSA-002 | D3: 45292.487 | E3: =COUNTA(Table4[OrderID]) -> 1500
A4: ORD-000003 | B4: CUST-000036 | C4: WH-KSM-003 | D4: 45292.974 | E4: =COUNTA(Table4[OrderID]) -> 1500
A5: ORD-000004 | B5: CUST-000021 | C5: WH-NKR-004 | D5: 45293.461 | E5: =COUNTA(Table4[OrderID]) -> 1500
A6: ORD-000005 | B6: CUST-000036 | C6: WH-MSA-002 | D6: 45293.948 | E6: =COUNTA(Table4[OrderID]) -> 1500
A7: ORD-000006 | B7: CUST-000010 | C7: WH-NRB-001 | D7: 45294.435 | E7: =COUNTA(Table4[OrderID]) -> 1500
A8: ORD-000007 | B8: CUST-000073 | C8: WH-KSM-003 | D8: 45294.922 | E8: =COUNTA(Table4[OrderID]) -> 1500
A9: ORD-000008 | B9: CUST-000024 | C9: WH-MSA-002 | D9: 45295.409 | E9: =COUNTA(Table4[OrderID]) -> 1500
A10: ORD-000009 | B10: CUST-000064 | C10: WH-NRB-001 | D10: 45295.896 | E10: =COUNTA(Table4[OrderID]) -> 1500
A11: ORD-000010 | B11: CUST-000049 | C11: WH-KSM-003 | D11: 45296.383 | E11: =COUNTA(Table4[OrderID]) -> 1500
A12: ORD-000011 | B12: CUST-000036 | C12: WH-NRB-001 | D12: 45296.87 | E12: =COUNTA(Table4[OrderID]) -> 1500
A13: ORD-000012 | B13: CUST-000024 | C13: WH-KSM-003 | D13: 45297.357 | E13: =COUNTA(Table4[OrderID]) -> 1500
... A1501: ORD-001500 | B1501: CUST-000074 | C1501: WH-MSA-002 | D1501: 46022 | E1501: =COUNTA(Table4[OrderID]) -> 1500

Sheet revenue product
A3: Row Labels | B3: Sum of TotalSales | D3: Row Labels | E3: Sum of TotalSales
A4: Product 77 | B4: 885671.44 | D4: Product 12 | E4: 727827.97
A5: Product 2 | B5: 857076.53 | D5: Product 116 | E5: 763887.63
A6: Product 70 | B6: 806467.36 | D6: Product 70 | E6: 806467.36
A7: Product 116 | B7: 763887.63 | D7: Product 2 | E7: 857076.53
A8: Product 12 | B8: 727827.97 | D8: Product 77 | E8: 885671.44
A9: Product 53 | B9: 709933.93
A10: Product 74 | B10: 708017.2
A11: Product 44 | B11: 706168.55
A12: Product 113 | B12: 702636.8
A13: Product 35 | B13: 702155.07
A14: Product 13 | B14: 693131.43
A15: Product 54 | B15: 655436.37
A16: Product 31 | B16: 654328.41
A17: Product 81 | B17: 651582.57
A18: Product 119 | B18: 635204.18
A19: Product 51 | B19: 629024.23
A20: Product 95 | B20: 621247.83
... A124: Grand Total | B124: 46328646

Sheet category rev profit
A2: Row Labels | B2: Sum of Profit
A3: Produce | B3: 951693.84
A4: Frozen | B4: 2262783.4
A5: Snacks | B5: 2282546.5
A6: Beverages | B6: 2314351.7
A7: Household | B7: 2901416.8
A8: Dairy | B8: 3560886.2
A9: Grand Total | B9: 14273678

Sheet rev wh
A3: Row Labels | B3: Sum of TotalSales
A4: WH-NKR-004 | B4: 12933842
A5: WH-MSA-002 | B5: 11437821
A6: WH-NRB-001 | B6: 11175227
A7: WH-KSM-003 | B7: 10781756
A8: Grand Total | B8: 46328646

Sheet top customer
A3: Row Labels | B3: Sum of TotalSales | D3: Row Labels | E3: Sum of TotalSales
A4: Customer 29 | B4: 931850.72 | D4: Customer 29 | E4: 931850.72
A5: Customer 39 | B5: 867475.23 | D5: Customer 39 | E5: 867475.23
A6: Customer 74 | B6: 861536.32 | D6: Customer 74 | E6: 861536.32
A7: Customer 33 | B7: 851270.78 | D7: Customer 33 | E7: 851270.78
A8: Customer 51 | B8: 847517.54 | D8: Customer 51 | E8: 847517.54
A9: Customer 17 | B9: 833996.59
A10: Customer 49 | B10: 833685.57
A11: Customer 23 | B11: 805791.66
A12: Customer 36 | B12: 804047.97
A13: Customer 25 | B13: 789525.52
A14: Customer 1 | B14: 775139.33
A15: Customer 38 | B15: 763318.8
A16: Customer 47 | B16: 735386.43
A17: Customer 53 | B17: 735256.28
A18: Customer 75 | B18: 728117.4
A19: Customer 5 | B19: 725646.43
A20: Customer 62 | B20: 723983.28
... A84: Grand Total | B84: 46328646

Sheet region revenue
A3: Row Labels | B3: Sum of TotalSales
A4: Mombasa | B4: 12230761
A5: Eldoret | B5: 12059295
A6: Nakuru | B6: 8433955.9
A7: Kisumu | B7: 7159427.1
A8: Nairobi | B8: 6445207.4
A9: Grand Total | B9: 46328646

Sheet inventory value wh
A3: Row Labels | B3: Sum of InventoryValue
A4: WH-MSA-002 | B4: 8545229.5
A5: WH-KSM-003 | B5: 8977555.7
A6: WH-NRB-001 | B6: 8988418.9
A7: WH-NKR-004 | B7: 9218061
A8: Grand Total | B8: 35729265

Sheet Inventory
A1: InventoryID | B1: ProductID | C1: WarehouseID | D1: StockQuantity | E1: CostPrice | F1: InventoryValue | G1: location
A2: INV-000001 | B2: PRD-000001 | C2: WH-NRB-001 | D2: 106 | E2: 218.54 | F2: 23165.24 | G2: =VLOOKUP(C:C,Warehouses!A:B,2,) -> Nairobi
A3: INV-000002 | B3: PRD-000001 | C3: WH-MSA-002 | D3: 487 | E3: 218.54 | F3: 106428.98 | G3: =VLOOKUP(C:C,Warehouses!A:B,2,) -> Mombasa
A4: INV-000003 | B4: PRD-000001 | C4: WH-KSM-003 | D4: 452 | E4: 218.54 | F4: 98780.08 | G4: =VLOOKUP(C:C,Warehouses!A:B,2,) -> Kisumu
A5: INV-000004 | B5: PRD-000001 | C5: WH-NKR-004 | D5: 116 | E5: 218.54 | F5: 25350.64 | G5: =VLOOKUP(C:C,Warehouses!A:B,2,) -> Nakuru
A6: INV-000005 | B6: PRD-000002 | C6: WH-NRB-001 | D6: 95 | E6: 477.82 | F6: 45392.9 | G6: =VLOOKUP(C:C,Warehouses!A:B,2,) -> Nairobi
A7: INV-000006 | B7: PRD-000002 | C7: WH-MSA-002 | D7: 143 | E7: 477.82 | F7: 68328.26 | G7: =VLOOKUP(C:C,Warehouses!A:B,2,) -> Mombasa
A8: INV-000007 | B8: PRD-000002 | C8: WH-KSM-003 | D8: 187 | E8: 477.82 | F8: 89352.34 | G8: =VLOOKUP(C:C,Warehouses!A:B,2,) -> Kisumu
A9: INV-000008 | B9: PRD-000002 | C9: WH-NKR-004 | D9: 418 | E9: 477.82 | F9: 199728.76 | G9: =VLOOKUP(C:C,Warehouses!A:B,2,) -> Nakuru
A10: INV-000009 | B10: PRD-000003 | C10: WH-NRB-001 | D10: 142 | E10: 379.4 | F10: 53874.8 | G10: =VLOOKUP(C:C,Warehouses!A:B,2,) -> Nairobi
A11: INV-000010 | B11: PRD-000003 | C11: WH-MSA-002 | D11: 281 | E11: 379.4 | F11: 106611.4 | G11: =VLOOKUP(C:C,Warehouses!A:B,2,) -> Mombasa
A12: INV-000011 | B12: PRD-000003 | C12: WH-KSM-003 | D12: 451 | E12: 379.4 | F12: 171109.4 | G12: =VLOOKUP(C:C,Warehouses!A:B,2,) -> Kisumu
A13: INV-000012 | B13: PRD-000003 | C13: WH-NKR-004 | D13: 445 | E13: 379.4 | F13: 168833 | G13: =VLOOKUP(C:C,Warehouses!A:B,2,) -> Nakuru
... A481: INV-000480 | B481: PRD-000120 | C481: WH-NKR-004 | D481: 447 | E481: 292.7 | F481: 130836.9 | G481: =VLOOKUP(C:C,Warehouses!A:B,2,) -> Nakuru
F482: =SUM(Table6[InventoryValue]) -> 35729265

Sheet Shipments

Sheet Average of DeliveryDays
A3: Row Labels | B3: Average of DeliveryDays
A4: WH-KSM-003 | B4: 3.4338462
A5: WH-NKR-004 | B5: 3.4450262
A6: WH-MSA-002 | B6: 3.465374
A7: WH-NRB-001 | B7: 3.4944751
A8: Grand Total | B8: 3.4601399

Sheet Sheet17
A3: Row Labels
A4: Jan
A5: Feb
A6: Mar
A7: Apr
A8: May
A9: Jun
A10: Jul
A11: Aug
A12: Sep
A13: Oct
A14: Nov
... A16: Grand Total

Sheet SHIIPMENT
A1: ShipmentID | B1: OrderID | C1: OrderDate | D1: ShipDate | E1: DeliveryDate | F1: DeliveryDays | G1: warehous | H1: ave delivery days
A2: SHP-000001 | B2: ORD-000001 | C2: 45292 | D2: 45295 | E2: 45296 | F2: 1 | G2: WH-NRB-001
A3: SHP-000002 | B3: ORD-000002 | C3: 45292.487 | D3: 45294.487 | E3: 45296.487 | F3: 2 | G3: WH-MSA-002
A4: SHP-000003 | B4: ORD-000003 | C4: 45292.974 | D4: 45293.974 | E4: 45297.974 | F4: 4 | G4: WH-KSM-003
A5: SHP-000004 | B5: ORD-000004 | C5: 45293.461 | D5: 45294.461 | E5: 45299.461 | F5: 5 | G5: WH-NKR-004
A6: SHP-000005 | B6: ORD-000005 | C6: 45293.948 | D6: 45295.948 | E6: 45297.948 | F6: 2 | G6: WH-MSA-002
A7: SHP-000006 | B7: ORD-000006 | C7: 45294.435 | D7: 45297.435 | E7: 45299.435 | F7: 2 | G7: WH-NRB-001
A8: SHP-000007 | B8: ORD-000007 | C8: 45294.922 | D8: 45296.922 | E8: 45297.922 | F8: 1 | G8: WH-KSM-003
A9: SHP-000008 | B9: ORD-000008 | C9: 45295.409 | D9: 45298.409 | E9: 45303.409 | F9: 5 | G9: WH-MSA-002
A10: SHP-000009 | B10: ORD-000009 | C10: 45295.896 | D10: 45297.896 | E10: 45299.896 | F10: 2 | G10: WH-NRB-001
A11: SHP-000010 | B11: ORD-000010 | C11: 45296.383 | D11: 45297.383 | E11: 45300.383 | F11: 3 | G11: WH-KSM-003
A12: SHP-000011 | B12: ORD-000011 | C12: 45296.87 | D12: 45297.87 | E12: 45299.87 | F12: 2 | G12: WH-NRB-001
A13: SHP-000012 | B13: ORD-000012 | C13: 45297.357 | D13: 45300.357 | E13: 45303.357 | F13: 3 | G13: WH-KSM-003
... A1431: SHP-001500 | B1431: ORD-001500 | C1431: 46022 | D1431: 46024 | E1431: 46030 | F1431: 6 | G1431: WH-MSA-002

Sheet Sheet16
A3: Sum of Profit | B3: Sum of TotalSales | C3: Sum of INVENTORY VAKU | D3: Average of DELIVERY DAYS | E3: Average of ProfitMargin
A4: 14273678 | B4: 46328646 | C4: 3.3410201e+08 | D4: 3.4711111 | E4: 0.30680087
A5: =A4 -> 14273678 | B5: =B4 -> 46328646 | C5: =C4 -> 3.3410201e+08 | D5: =D4 -> 3.4711111 | E5: =E4 -> 0.30680087

Sheet DASHBOARD
A3: Total Profit | C3: Total Revenue | D3: Inventory Value | F3: Average Delivery Days | G3: Profit Margin

Sheet Sheet19
A3: Row Labels | B3: Sum of INVENTORY VAKU
A4: WH-KSM-003 | B4: 77157474
A5: WH-NRB-001 | B5: 78740228
A6: WH-MSA-002 | B6: 82300400
A7: WH-NKR-004 | B7: 95903909
A8: Grand Total | B8: 3.3410201e+08

Sheet Sheet20
A3: Row Labels | B3: Sum of Profit
A4: Produce | B4: 951693.84
A5: Frozen | B5: 2262783.4
A6: Snacks | B6: 2282546.5
A7: Beverages | B7: 2314351.7
A8: Household | B8: 2901416.8
A9: Dairy | B9: 3560886.2
A10: Grand Total | B10: 14273678

Sheet OrderDetails
A1: DetailID | B1: OrderID | C1: ProductID | D1: Quantity | E1: CostPrice | F1: StandardUnitPrice | G1: UnitPrice | H1: TotalSales | I1: TotalCost | J1: Profit | K1: ProfitMargin | L1: Product Name | M1: category | N1: warehouse | O1: customer id | P1: customer name | Q1: region | R1: INVENTORY VAKU | S1: DELIVERY DAYS
A2: DET-000001 | B2: ORD-000001 | C2: PRD-000051 | D2: 7 | E2: 486.31 | F2: 723.21 | G2: 786.58 | H2: 5506.06 | I2: 3404.17 | J2: 2101.89 | K2: 0.3817 | L2: =VLOOKUP(C:C,Products!A:B,2,) -> Product 51 | M2: =VLOOKUP(C:C,Products!A:C,3,) -> Beverages | N2: =VLOOKUP(B:B,Orders!A:C,3,) -> WH-NRB-001 | O2: =VLOOKUP(B:B,Orders!A:B,2,) -> CUST-000075 | P2: =VLOOKUP(OrderDetails!O:O,Customers!A:B,2,) -> Customer 75 | Q2: =VLOOKUP(O:O,Customers!A:C,3,) -> Mombasa | R2: =VLOOKUP(OrderDetails!C:C,Inventory!B:F,5,) -> 231969.87 | S2: =VLOOKUP(OrderDetails!B:B,Table8[[OrderID]:[DeliveryDays]],5,) -> 1
A3: DET-000002 | B3: ORD-001192 | C3: PRD-000035 | D3: 31 | E3: 484.53 | F3: 772.81 | G3: 797.52 | H3: 24723.12 | I3: 15020.43 | J3: 9702.69 | K3: 0.3925 | L3: =VLOOKUP(C:C,Products!A:B,2,) -> Product 35 | M3: =VLOOKUP(C:C,Products!A:C,3,) -> Dairy | N3: =VLOOKUP(B:B,Orders!A:C,3,) -> WH-MSA-002 | O3: =VLOOKUP(B:B,Orders!A:B,2,) -> CUST-000032 | P3: =VLOOKUP(OrderDetails!O:O,Customers!A:B,2,) -> Customer 32 | Q3: =VLOOKUP(O:O,Customers!A:C,3,) -> Mombasa | R3: =VLOOKUP(OrderDetails!C:C,Inventory!B:F,5,) -> 63957.96 | S3: =VLOOKUP(OrderDetails!B:B,Table8[[OrderID]:[DeliveryDays]],5,) -> 2
A4: DET-000003 | B4: ORD-000019 | C4: PRD-000082 | D4: 45 | E4: 330.48 | F4: 422.83 | G4: 433.78 | H4: 19520.1 | I4: 14871.6 | J4: 4648.5 | K4: 0.2381 | L4: =VLOOKUP(C:C,Products!A:B,2,) -> Product 82 | M4: =VLOOKUP(C:C,Products!A:C,3,) -> Frozen | N4: =VLOOKUP(B:B,Orders!A:C,3,) -> WH-MSA-002 | O4: =VLOOKUP(B:B,Orders!A:B,2,) -> CUST-000023 | P4: =VLOOKUP(OrderDetails!O:O,Customers!A:B,2,) -> Customer 23 | Q4: =VLOOKUP(O:O,Customers!A:C,3,) -> Nairobi | R4: =VLOOKUP(OrderDetails!C:C,Inventory!B:F,5,) -> 69070.32 | S4: =VLOOKUP(OrderDetails!B:B,Table8[[OrderID]:[DeliveryDays]],5,) -> 2
A5: DET-000004 | B5: ORD-001356 | C5: PRD-000005 | D5: 39 | E5: 120.21 | F5: 159.85 | G5: 157.19 | H5: 6130.41 | I5: 4688.19 | J5: 1442.22 | K5: 0.2353 | L5: =VLOOKUP(C:C,Products!A:B,2,) -> Product 5 | M5: =VLOOKUP(C:C,Products!A:C,3,) -> Frozen | N5: =VLOOKUP(B:B,Orders!A:C,3,) -> WH-MSA-002 | O5: =VLOOKUP(B:B,Orders!A:B,2,) -> CUST-000019 | P5: =VLOOKUP(OrderDetails!O:O,Customers!A:B,2,) -> Customer 19 | Q5: =VLOOKUP(O:O,Customers!A:C,3,) -> Mombasa | R5: =VLOOKUP(OrderDetails!C:C,Inventory!B:F,5,) -> 45439.38 | S5: =VLOOKUP(OrderDetails!B:B,Table8[[OrderID]:[DeliveryDays]],5,) -> 1
A6: DET-000005 | B6: ORD-000584 | C6: PRD-000014 | D6: 32 | E6: 145.55 | F6: 199.14 | G6: 205.46 | H6: 6574.72 | I6: 4657.6 | J6: 1917.12 | K6: 0.2916 | L6: =VLOOKUP(C:C,Products!A:B,2,) -> Product 14 | M6: =VLOOKUP(C:C,Products!A:C,3,) -> Frozen | N6: =VLOOKUP(B:B,Orders!A:C,3,) -> WH-NKR-004 | O6: =VLOOKUP(B:B,Orders!A:B,2,) -> CUST-000029 | P6: =VLOOKUP(OrderDetails!O:O,Customers!A:B,2,) -> Customer 29 | Q6: =VLOOKUP(O:O,Customers!A:C,3,) -> Mombasa | R6: =VLOOKUP(OrderDetails!C:C,Inventory!B:F,5,) -> 47158.2 | S6: =VLOOKUP(OrderDetails!B:B,Table8[[OrderID]:[DeliveryDays]],5,) -> 6
A7: DET-000006 | B7: ORD-000456 | C7: PRD-000092 | D7: 10 | E7: 370.96 | F7: 553.53 | G7: 537.53 | H7: 5375.3 | I7: 3709.6 | J7: 1665.7 | K7: 0.3099 | L7: =VLOOKUP(C:C,Products!A:B,2,) -> Product 92 | M7: =VLOOKUP(C:C,Products!A:C,3,) -> Produce | N7: =VLOOKUP(B:B,Orders!A:C,3,) -> WH-NRB-001 | O7: =VLOOKUP(B:B,Orders!A:B,2,) -> CUST-000023 | P7: =VLOOKUP(OrderDetails!O:O,Customers!A:B,2,) -> Customer 23 | Q7: =VLOOKUP(O:O,Customers!A:C,3,) -> Nairobi | R7: =VLOOKUP(OrderDetails!C:C,Inventory!B:F,5,) -> 74562.96 | S7: =VLOOKUP(OrderDetails!B:B,Table8[[OrderID]:[DeliveryDays]],5,) -> 4
A8: DET-000007 | B8: ORD-000957 | C8: PRD-000030 | D8: 10 | E8: 70.9 | F8: 95.54 | G8: 103.23 | H8: 1032.3 | I8: 709 | J8: 323.3 | K8: 0.3132 | L8: =VLOOKUP(C:C,Products!A:B,2,) -> Product 30 | M8: =VLOOKUP(C:C,Products!A:C,3,) -> Dairy | N8: =VLOOKUP(B:B,Orders!A:C,3,) -> WH-NKR-004 | O8: =VLOOKUP(B:B,Orders!A:B,2,) -> CUST-000059 | P8: =VLOOKUP(OrderDetails!O:O,Customers!A:B,2,) -> Customer 59 | Q8: =VLOOKUP(O:O,Customers!A:C,3,) -> Kisumu | R8: =VLOOKUP(OrderDetails!C:C,Inventory!B:F,5,) -> 19072.1 | S8: =VLOOKUP(OrderDetails!B:B,Table8[[OrderID]:[DeliveryDays]],5,) -> 2
A9: DET-000008 | B9: ORD-001133 | C9: PRD-000004 | D9: 48 | E9: 319.4 | F9: 411.55 | G9: 432.7 | H9: 20769.6 | I9: 15331.2 | J9: 5438.4 | K9: 0.2618 | L9: =VLOOKUP(C:C,Products!A:B,2,) -> Product 4 | M9: =VLOOKUP(C:C,Products!A:C,3,) -> Household | N9: =VLOOKUP(B:B,Orders!A:C,3,) -> WH-KSM-003 | O9: =VLOOKUP(B:B,Orders!A:B,2,) -> CUST-000054 | P9: =VLOOKUP(OrderDetails!O:O,Customers!A:B,2,) -> Customer 54 | Q9: =VLOOKUP(O:O,Customers!A:C,3,) -> Nakuru | R9: =VLOOKUP(OrderDetails!C:C,Inventory!B:F,5,) -> 31301.2 | S9: =VLOOKUP(OrderDetails!B:B,Table8[[OrderID]:[DeliveryDays]],5,) -> 2
A10: DET-000009 | B10: ORD-001292 | C10: PRD-000039 | D10: 27 | E10: 357.9 | F10: 477.14 | G10: 524.4 | H10: 14158.8 | I10: 9663.3 | J10: 4495.5 | K10: 0.3175 | L10: =VLOOKUP(C:C,Products!A:B,2,) -> Product 39 | M10: =VLOOKUP(C:C,Products!A:C,3,) -> Beverages | N10: =VLOOKUP(B:B,Orders!A:C,3,) -> WH-NKR-004 | O10: =VLOOKUP(B:B,Orders!A:B,2,) -> CUST-000049 | P10: =VLOOKUP(OrderDetails!O:O,Customers!A:B,2,) -> Customer 49 | Q10: =VLOOKUP(O:O,Customers!A:C,3,) -> Nairobi | R10: =VLOOKUP(OrderDetails!C:C,Inventory!B:F,5,) -> 167855.1 | S10: =VLOOKUP(OrderDetails!B:B,Table8[[OrderID]:[DeliveryDays]],5,) -> 5
A11: DET-000010 | B11: ORD-000445 | C11: PRD-000084 | D11: 37 | E11: 78.6 | F11: 122.97 | G11: 118.52 | H11: 4385.24 | I11: 2908.2 | J11: 1477.04 | K11: 0.3368 | L11: =VLOOKUP(C:C,Products!A:B,2,) -> Product 84 | M11: =VLOOKUP(C:C,Products!A:C,3,) -> Snacks | N11: =VLOOKUP(B:B,Orders!A:C,3,) -> WH-KSM-003 | O11: =VLOOKUP(B:B,Orders!A:B,2,) -> CUST-000062 | P11: =VLOOKUP(OrderDetails!O:O,Customers!A:B,2,) -> Customer 62 | Q11: =VLOOKUP(O:O,Customers!A:C,3,) -> Eldoret | R11: =VLOOKUP(OrderDetails!C:C,Inventory!B:F,5,) -> 7074 | S11: =VLOOKUP(OrderDetails!B:B,Table8[[OrderID]:[DeliveryDays]],5,) -> 4
A12: DET-000011 | B12: ORD-001264 | C12: PRD-000064 | D12: 20 | E12: 210.54 | F12: 327.83 | G12: 323.27 | H12: 6465.4 | I12: 4210.8 | J12: 2254.6 | K12: 0.3487 | L12: =VLOOKUP(C:C,Products!A:B,2,) -> Product 64 | M12: =VLOOKUP(C:C,Products!A:C,3,) -> Produce | N12: =VLOOKUP(B:B,Orders!A:C,3,) -> WH-NKR-004 | O12: =VLOOKUP(B:B,Orders!A:B,2,) -> CUST-000056 | P12: =VLOOKUP(OrderDetails!O:O,Customers!A:B,2,) -> Customer 56 | Q12: =VLOOKUP(O:O,Customers!A:C,3,) -> Nairobi | R12: =VLOOKUP(OrderDetails!C:C,Inventory!B:F,5,) -> 34528.56 | S12: =VLOOKUP(OrderDetails!B:B,Table8[[OrderID]:[DeliveryDays]],5,) -> 2
A13: DET-000012 | B13: ORD-001325 | C13: PRD-000025 | D13: 28 | E13: 255.23 | F13: 344.48 | G13: 372.58 | H13: 10432.24 | I13: 7146.44 | J13: 3285.8 | K13: 0.315 | L13: =VLOOKUP(C:C,Products!A:B,2,) -> Product 25 | M13: =VLOOKUP(C:C,Products!A:C,3,) -> Dairy | N13: =VLOOKUP(B:B,Orders!A:C,3,) -> WH-NRB-001 | O13: =VLOOKUP(B:B,Orders!A:B,2,) -> CUST-000050 | P13: =VLOOKUP(OrderDetails!O:O,Customers!A:B,2,) -> Customer 50 | Q13: =VLOOKUP(O:O,Customers!A:C,3,) -> Eldoret | R13: =VLOOKUP(OrderDetails!C:C,Inventory!B:F,5,) -> 118937.18 | S13: =VLOOKUP(OrderDetails!B:B,Table8[[OrderID]:[DeliveryDays]],5,) -> 2
... A4501: DET-004500 | B4501: ORD-001279 | C4501: PRD-000106 | D4501: 23 | E4501: 162.18 | F4501: 216.57 | G4501: 234.63 | H4501: 5396.49 | I4501: 3730.14 | J4501: 1666.35 | K4501: 0.3088 | L4501: =VLOOKUP(C:C,Products!A:B,2,) -> Product 106 | M4501: =VLOOKUP(C:C,Products!A:C,3,) -> Dairy | N4501: =VLOOKUP(B:B,Orders!A:C,3,) -> WH-MSA-002 | O4501: =VLOOKUP(B:B,Orders!A:B,2,) -> CUST-000005 | P4501: =VLOOKUP(OrderDetails!O:O,Customers!A:B,2,) -> Customer 5 | Q4501: =VLOOKUP(O:O,Customers!A:C,3,) -> Eldoret | R4501: =VLOOKUP(OrderDetails!C:C,Inventory!B:F,5,) -> 37950.12 | S4501: =VLOOKUP(OrderDetails!B:B,Table8[[OrderID]:[DeliveryDays]],5,) -> 5
H4502: =SUM(Table5[TotalSales]) -> 46328646 | I4502: =SUM(Table5[TotalCost]) -> 32054968 | J4502: =SUM(Table5[Profit]) -> 14273678
